city_death,tot_pop_17,over_65_count,civ_pop_16_19,civ_pop_16_19_drop,pop_over_25,pop_over_25_less_school,pop_det_poverty,pop_doing_poorly,pop_struggling,pop_poor_or_strug,pop_doing_ok,town_actual_2010_pop,block_est_2010_pop,count_error,percent_error,pop_density,med_house_inc,mean_house_inc
ABINGTON,16275,2469,753,26,11377,615,16194,579,1626,2205,13989,15985.0,15985.0,0.0,0.0,1932.96913,87156.0,98809.03550508946
ACTON,23455,4001,1476,18,16161,397,23307,893,973,1866,21441,21924.0,21924.0,0.0,0.0,1257.5835933333333,139890.46666666667,156680.2038667132
ACUSHNET,10443,2431,564,62,7635,1397,10336,422,1844,2266,8070,10303.0,10303.0,0.0,0.0,1152.3578714285716,69624.71428571429,80333.1758415636
ADAMS,8211,1764,333,23,6095,723,8209,910,1187,2097,6112,8485.0,8485.0,0.0,0.0,1982.31884,48445.4,60968.59465971087
AGAWAM,27769,6195,1177,0,20674,1602,26925,2553,3841,6394,20531,28438.0,27621.0,-817.0,2.8729165201490967,1897.2735687500003,65490.125,79464.23444558342
ALFORD,411,219,11,0,344,5,411,20,10,30,381,494.0,494.0,0.0,0.0,35.74524,105625.0,148519.270833333
AMESBURY,17218,2949,899,39,12292,707,16992,835,1533,2368,14624,16283.0,16283.0,0.0,0.0,2659.783186666666,86335.33333333333,96920.17138143258
AMHERST,39880,3465,9642,0,12760,637,23602,7842,3509,11351,12251,37819.0,37819.0,0.0,0.0,3464.2671318181824,61203.94736842105,76166.45394901112
ANDOVER,35375,5881,2351,31,23207,610,34036,1512,1498,3010,31026,33201.0,33201.0,0.0,0.0,1920.0495299999998,135314.05,174570.49906727744
AQUINNAH,640,66,55,8,331,32,640,139,32,171,469,311.0,311.0,0.0,0.0,120.0165,80250.0,103304.316546763
ARLINGTON,44992,8208,1614,34,33199,986,44689,2313,2988,5301,39388,42844.0,42844.0,0.0,0.0,9999.961454545453,117226.48837209302,141678.55759841323
ASHBURNHAM,6210,776,290,48,4057,115,6072,290,397,687,5385,6081.0,6081.0,0.0,0.0,292.181324,86149.8,99282.09876598573
ASHBY,3195,496,207,0,2338,196,3157,248,196,444,2713,3074.0,3074.0,0.0,0.0,141.8231,93522.0,103872.60450834001
ASHFIELD,1598,340,93,0,1236,30,1598,123,172,295,1303,1737.0,1737.0,0.0,0.0,40.00308,72415.0,93013.58510023926
ASHLAND,17478,2943,867,0,12417,468,17429,555,1274,1829,15600,16593.0,16593.0,0.0,0.0,1750.2759555555556,105871.77777777778,126114.49357549782
ATHOL,11680,2196,613,16,8465,1075,11510,1693,1905,3598,7912,11584.0,11584.0,0.0,0.0,1265.4741374999999,54531.71428571428,61648.84684156779
ATTLEBORO,44326,6953,1963,18,30765,3347,43807,4013,5704,9717,34090,43593.0,43593.0,0.0,0.0,3040.559063333333,75340.53571428571,86561.72830727945
AUBURN,16552,3659,796,1,12207,829,16446,757,1509,2266,14180,16188.0,16188.0,0.0,0.0,1612.3079294117647,78411.05882352941,93681.00878706726
AVON,4468,819,148,0,3387,450,4468,379,359,738,3730,4356.0,4356.0,0.0,0.0,1297.5282249999998,73736.25,89870.68927908503
AYER,8014,1102,164,0,5959,268,8001,1074,644,1718,6283,7427.0,7427.0,0.0,0.0,1659.3511571428573,76260.0,88050.46078038828
BARNSTABLE,44325,11869,2161,201,33113,1741,44086,4018,6427,10445,33641,45193.0,45193.0,0.0,0.0,1492.01727368421,70447.84210526316,96581.06305344864
BARRE,5491,752,361,0,3765,163,5366,307,625,932,4434,5398.0,5398.0,0.0,0.0,496.4564875,70220.25,88804.5441717447
BECKET,1852,421,58,0,1461,97,1834,127,168,295,1539,1779.0,1779.0,0.0,0.0,41.21907,76042.0,88111.42338958636
BEDFORD,14105,3078,688,77,9876,234,13721,348,1084,1432,12289,13320.0,13320.0,0.0,0.0,1709.7476222222222,124504.22222222222,151027.7814162325
BELCHERTOWN,14906,2721,1091,0,10062,644,14821,855,1426,2281,12540,14649.0,14649.0,0.0,0.0,367.0660500000001,87325.66666666667,105305.02638535477
BELLINGHAM,16929,2330,933,0,11938,717,16764,701,985,1686,15078,16332.0,16332.0,0.0,0.0,1266.5752444444443,96905.77777777778,116765.78432545734
BELMONT,25965,5009,1232,12,17995,628,25692,1420,1376,2796,22896,24729.0,24729.0,0.0,0.0,9164.324444444443,133904.22222222222,169356.88168527174
BERKLEY,6630,847,291,1,4645,294,6619,260,614,874,5745,6411.0,6411.0,0.0,0.0,412.8376333333334,94247.66666666667,107201.58783799357
BERLIN,3098,614,143,29,2289,143,3082,89,253,342,2740,2866.0,2866.0,0.0,0.0,220.97314999999998,90776.5,121826.9028195785
BERNARDSTON,1074,261,40,0,831,20,1074,38,237,275,799,2129.0,1018.0,-1111.0,52.18412400187882,86.64056,70500.0,82633.3333333333
BEVERLY,41431,7488,2442,0,28497,1620,38406,3173,4914,8087,30319,39502.0,39502.0,0.0,0.0,6303.223469999998,87027.46428571429,112923.64809992803
BILLERICA,42791,7375,2360,63,30695,2283,41485,1779,2967,4746,36739,40243.0,40243.0,0.0,0.0,2413.1209366666662,100865.35714285714,111088.3180768316
BLACKSTONE,9201,1238,550,10,6307,367,9165,365,760,1125,8040,9026.0,9026.0,0.0,0.0,1754.223,73267.6,88997.39166895002
BLANDFORD,1259,306,68,0,979,104,1259,89,196,285,974,1233.0,1233.0,0.0,0.0,24.41106,62875.0,78223.8447319778
BOLTON,5167,716,294,0,3434,44,5167,72,189,261,4906,4897.0,4897.0,0.0,0.0,258.03845,149331.5,164037.83714528248
BOSTON,668541,85040,42446,863,456715,63674,625730,128371,99268,227639,398091,617594.0,616852.0,-742.0,0.12014365424534605,27786.891612185278,71196.0495049505,92167.94052329108
BOURNE,19832,4614,1155,45,14141,521,19283,1321,2178,3499,15784,19754.0,19776.0,22.0,0.11136984914447702,1009.7394199999999,69166.9375,91659.35790084311
BOXBOROUGH,5546,739,364,0,3876,116,5546,295,362,657,4889,4996.0,4996.0,0.0,0.0,555.4300666666667,111916.33333333333,138245.35080914994
BOXFORD,8228,1698,415,0,5759,137,8228,228,328,556,7672,7965.0,7961.0,-4.0,0.05021971123666039,352.30438,162762.6,204146.35700396338
BOYLSTON,4524,660,274,0,3171,109,4510,184,405,589,3921,4355.0,4355.0,0.0,0.0,477.316475,91662.75,114604.4399436983
BRAINTREE,37082,7407,1405,0,26253,1562,36510,1822,3586,5408,31102,35744.0,35744.0,0.0,0.0,4295.500269230769,87660.2,102959.95774705119
BREWSTER,9856,3274,381,48,7791,225,9517,457,1167,1624,7893,9820.0,9820.0,0.0,0.0,491.87378888888895,71159.11111111111,93807.27444595686
BRIDGEWATER,27434,4382,2831,93,16704,1211,22735,2159,1878,4037,18698,26563.0,26563.0,0.0,0.0,1921.2091999999998,96327.5,113320.18273497929
BRIMFIELD,3724,839,179,0,2818,174,3694,156,510,666,3028,3609.0,3609.0,0.0,0.0,110.1456,86875.0,95589.44559944549
BROCKTON,94602,13445,5000,239,61378,11537,92750,15678,18383,34061,58689,93810.0,93154.0,-656.0,0.69928579042746,7639.952115116283,59320.72151898734,69958.24249674237
BROOKFIELD,3406,791,105,0,2597,329,3383,311,374,685,2698,3390.0,3390.0,0.0,0.0,237.35909999999998,63971.333333333336,86589.52895936577
BROOKLINE,59246,10353,2373,2,41066,1183,57672,6555,4074,10629,47043,58732.0,58732.0,0.0,0.0,17734.73334210526,120886.67567567568,163911.0914964759
BUCKLAND,1927,538,135,0,1434,144,1923,207,323,530,1393,1902.0,1902.0,0.0,0.0,242.59716500000002,53202.0,65936.03454876065
BURLINGTON,26103,6078,1136,0,18879,914,26086,1041,1664,2705,23381,24498.0,24498.0,0.0,0.0,2933.7361333333333,109413.13333333333,128491.74066488205
CAMBRIDGE,110893,14462,8806,66,74490,3980,94300,12738,9049,21787,72513,105162.0,105162.0,0.0,0.0,23758.97078409092,96468.08641975309,129963.8306557746
CANTON,22829,4471,976,19,16286,482,22503,1348,1277,2625,19878,21561.0,21561.0,0.0,0.0,2375.343609090909,95860.09090909091,125642.42598347082
CARLISLE,5160,1212,251,0,3616,86,5160,83,116,199,4961,4852.0,4852.0,0.0,0.0,344.63295,172634.0,252380.83414558452
CARVER,11617,2787,528,12,8450,878,11594,530,1676,2206,9388,11509.0,11509.0,0.0,0.0,421.10613750000005,79661.375,89054.10151703263
CHARLTON,13379,1741,552,0,9236,397,13220,618,832,1450,11770,12981.0,12981.0,0.0,0.0,325.24519999999995,89875.6,103546.55000397234
CHATHAM,5166,2217,170,3,4092,128,5033,509,490,999,4034,6125.0,5288.0,-837.0,13.66530612244898,606.3080428571428,75654.5,96552.44946992517
CHELMSFORD,35067,7918,1353,21,25584,1073,34945,1260,2015,3275,31670,33802.0,33802.0,0.0,0.0,1807.4419772727272,109074.0,128458.99825579357
CHELSEA,39272,4121,1656,179,25845,7804,38847,7586,9746,17332,21515,35177.0,35177.0,0.0,0.0,30236.970333333335,55295.666666666664,65642.5878532573
CHESHIRE,3169,979,149,5,2404,157,3169,126,370,496,2673,3235.0,3235.0,0.0,0.0,386.23591333333326,63138.0,75714.10474621
CHESTER,1529,228,65,0,1113,103,1511,97,213,310,1201,1337.0,1337.0,0.0,0.0,41.76057,76250.0,83045.2991452991
CHESTERFIELD,1303,217,60,0,919,82,1303,77,122,199,1104,1222.0,1222.0,0.0,0.0,42.22868,74412.0,91023.41269841269
CHICOPEE,55778,11408,2856,210,39360,5751,54968,7939,10794,18733,36235,55298.0,55298.0,0.0,0.0,4493.041004651164,52445.87804878049,62467.644993719136
CHILMARK,446,96,31,0,335,4,440,80,16,96,344,866.0,457.0,-409.0,47.22863741339492,49.73381,79375.0,176154.166666667
CLARKSBURG,1722,494,48,0,1240,88,1719,164,228,392,1327,1702.0,1702.0,0.0,0.0,162.10163,60558.0,72516.15109427611
CLINTON,13855,2080,503,0,9706,736,13839,826,1760,2586,11253,13606.0,13606.0,0.0,0.0,3736.49708,70263.3,77832.41529677517
COHASSET,7429,1327,308,0,5093,98,7371,275,313,588,6783,7542.0,6229.0,-1313.0,17.409175285070273,1201.5759000000003,157385.6,201613.461970223
COLRAIN,1146,230,39,4,880,55,1146,138,106,244,902,1671.0,1195.0,-476.0,28.48593656493118,41.52236,54828.0,68594.22310756969
CONCORD,19357,4384,812,0,13925,752,17408,1088,613,1701,15707,17668.0,17668.0,0.0,0.0,1384.6776307692307,144727.08333333334,196529.49627055108
CONWAY,1800,448,47,0,1336,11,1772,40,115,155,1617,1897.0,1897.0,0.0,0.0,47.760329999999996,100398.0,125280.24691358
CUMMINGTON,860,253,27,0,667,16,856,45,226,271,585,872.0,872.0,0.0,0.0,37.54762,52500.0,63629.767441860495
DALTON,6657,1528,269,0,5128,235,6551,678,563,1241,5310,6756.0,6756.0,0.0,0.0,1599.0811142857144,58240.42857142857,76390.73019988547
DANVERS,27527,6258,1272,15,20093,1173,26912,1692,2819,4511,22401,26493.0,26493.0,0.0,0.0,2977.3029,79914.5,99928.11176055811
DARTMOUTH,34341,7495,3267,65,22567,3502,28583,2354,2905,5259,23324,34032.0,34032.0,0.0,0.0,1379.237868421053,80627.11111111111,104840.41480678407
DEDHAM,25377,5921,1157,50,18511,1188,24352,1221,2327,3548,20804,24729.0,24729.0,0.0,0.0,4373.652399999999,98110.0,118015.1259464848
DEERFIELD,5049,1066,133,0,3798,130,4932,409,471,880,4052,5125.0,5125.0,0.0,0.0,315.86104249999994,77957.25,91878.37927498162
DENNIS,13804,6539,388,7,11419,416,13656,1491,1968,3459,10197,14207.0,13778.0,-429.0,3.019638206517913,878.4687588235292,57724.9375,80706.95671227128
DIGHTON,7438,1335,420,0,5308,305,7372,286,680,966,6406,7086.0,7086.0,0.0,0.0,473.33113999999995,93969.4,100704.46307995747
DOUGLAS,8722,1012,541,54,5755,178,8701,361,543,904,7797,8471.0,8471.0,0.0,0.0,346.256475,96363.25,106461.69671202298
DOVER,5922,1156,403,12,3862,65,5922,45,63,108,5814,5589.0,5589.0,0.0,0.0,543.316375,203026.75,316351.85877350374
DRACUT,31113,5550,1512,70,21592,1872,31043,2221,3604,5825,25218,29457.0,29457.0,0.0,0.0,2552.8675,92849.8125,97360.42608425539
DUDLEY,11637,1538,1104,24,7377,612,10580,820,1710,2530,8050,11390.0,11390.0,0.0,0.0,1258.6627142857142,72832.85714285714,90800.5837828491
DUNSTABLE,3337,569,235,0,2217,82,3337,70,108,178,3159,3179.0,3179.0,0.0,0.0,195.47975,139333.5,166618.936385033
DUXBURY,14637,3099,733,16,9766,103,14527,617,886,1503,13024,15059.0,14069.0,-990.0,6.574141709276844,913.6414777777778,126754.55555555556,164756.5710882459
EAST BRIDGEWATER,14860,2705,802,0,10018,427,14735,967,1281,2248,12487,13794.0,14450.0,656.0,4.755690880092794,1006.2316999999999,91721.6,104749.52226688885
EAST BROOKFIELD,956,166,35,0,708,57,956,24,96,120,836,2183.0,860.0,-1323.0,60.60467246907925,115.7918,87917.0,113365.489130435
EAST LONGMEADOW,16156,3613,715,0,11501,653,15731,708,1971,2679,13052,15720.0,15720.0,0.0,0.0,1757.3222888888888,82912.44444444444,98052.2911793245
EASTHAM,4908,2242,194,31,4026,155,4870,321,559,880,3990,4956.0,4956.0,0.0,0.0,389.87445,63265.333333333336,78360.21336767358
EASTHAMPTON,16051,3197,687,0,12420,632,15989,1705,1677,3382,12607,16053.0,16053.0,0.0,0.0,2836.0722,64142.63636363636,76639.38825261303
EASTON,24001,3963,1986,11,15475,620,22066,1047,1384,2431,19635,23112.0,23112.0,0.0,0.0,876.5094727272729,109638.72727272728,128540.60581047097
EDGARTOWN,4292,746,257,0,3080,100,4250,217,527,744,3506,4067.0,4067.0,0.0,0.0,226.9134525,97503.5,196054.97580698578
ERVING,1498,350,51,0,1112,57,1471,138,121,259,1212,1800.0,1609.0,-191.0,10.611111111111109,141.7503,67596.0,71068.6567164179
ESSEX,3687,749,159,0,2613,46,3675,228,258,486,3189,3504.0,3504.0,0.0,0.0,348.47900000000004,111547.66666666667,131712.14141911632
EVERETT,45212,5667,2187,216,30476,6128,44958,6255,9139,15394,29564,41667.0,41667.0,0.0,0.0,20555.43562962963,57043.96,70511.3952050871
FAIRHAVEN,16027,4022,532,0,11868,1278,15641,1430,1954,3384,12257,15873.0,15873.0,0.0,0.0,3507.61866,61017.92857142857,77926.4110411773
FALL RIVER,85548,15767,3626,110,59247,16264,84071,17183,19849,37032,47039,88857.0,84996.0,-3861.0,4.345183834700703,11689.474891139242,42534.76,52921.97816363314
FALMOUTH,30702,10759,1123,44,23871,1474,30120,1904,4302,6206,23914,31531.0,31021.0,-510.0,1.6174558371126835,1035.081532,71471.2,93642.8770682666
FITCHBURG,40666,6653,2830,106,25936,4564,38780,6961,6785,13746,25034,40318.0,40318.0,0.0,0.0,5152.443868750001,54337.4,63333.75207768864
FLORIDA,816,152,37,0,593,54,816,106,98,204,612,752.0,752.0,0.0,0.0,33.49628,58125.0,65415.0887573965
FOXBOROUGH,17448,3193,664,0,12442,670,17406,849,1131,1980,15426,16865.0,16865.0,0.0,0.0,1275.8104727272728,107066.72727272728,126019.55188899943
FRAMINGHAM,71232,11768,4039,48,49651,5131,68246,7865,10285,18150,50096,68318.0,68318.0,0.0,0.0,4704.415484444445,87307.09302325582,101024.97182394903
FRANKLIN,32843,4386,2414,0,21103,823,31780,1380,1745,3125,28655,31635.0,31635.0,0.0,0.0,2183.955364705882,123984.23529411765,141481.81914252765
FREETOWN,8273,1599,258,0,6045,670,8094,410,862,1272,6822,8870.0,8030.0,-840.0,9.470124013528748,284.70335,89442.2,104000.07019652899
GARDNER,20496,3514,860,87,14496,1779,19349,3222,3295,6517,12832,20228.0,20228.0,0.0,0.0,2842.1568461538463,52498.769230769234,64262.28197533568
GEORGETOWN,8569,1521,447,10,6055,144,8561,292,429,721,7840,8183.0,8183.0,0.0,0.0,953.8694333333333,111417.6,120730.72919333876
GILL,2537,683,175,45,2001,68,2532,187,414,601,1931,1500.0,2393.0,893.0,59.53333333333333,1111.6718999999998,59096.0,68083.74721906155
GLOUCESTER,29858,7011,1373,39,22727,2066,29614,2507,4547,7054,22560,28789.0,28789.0,0.0,0.0,5182.773486956522,69165.40909090909,88672.66177444228
GOSHEN,1096,208,62,0,818,33,1096,26,101,127,969,1054.0,1054.0,0.0,0.0,63.33606999999999,79519.0,87147.32142857139
GOSNOLD,34,15,0,0,34,0,34,2,0,2,32,75.0,75.0,0.0,0.0,2.57837,,130011.111111111
GRAFTON,18517,2868,866,1,13002,536,18402,1058,1172,2230,16172,17765.0,17765.0,0.0,0.0,1133.5026699999999,97829.4,119230.12450701997
GRANBY,6318,996,235,0,4736,349,6260,342,534,876,5384,6240.0,6240.0,0.0,0.0,267.036975,91346.75,101605.51874046682
GRANVILLE,1660,302,89,0,1208,49,1644,138,108,246,1398,1566.0,1566.0,0.0,0.0,39.3381,86000.0,93351.4802631579
GREAT BARRINGTON,6915,1521,799,108,4625,508,5911,306,1017,1323,4588,7104.0,7104.0,0.0,0.0,997.7307385714286,60402.57142857143,78518.03711829834
GREENFIELD,17474,3795,791,16,12999,974,16843,2216,3638,5854,10989,17456.0,17456.0,0.0,0.0,2703.5156294117655,55142.875,66082.49615047923
GROTON,11282,1986,791,11,7781,131,11198,483,633,1116,10082,10646.0,10646.0,0.0,0.0,355.46102,126234.0,146792.82837465982
GROVELAND,6697,1246,457,23,4496,149,6697,162,705,867,5830,6459.0,6459.0,0.0,0.0,1094.8297666666667,88044.66666666667,107540.31631587511
HADLEY,5301,1460,274,10,4185,155,5164,280,852,1132,4032,5250.0,5250.0,0.0,0.0,325.11715000000004,59029.25,95609.56794337295
HALIFAX,7739,1432,396,0,5462,264,7699,356,811,1167,6532,7518.0,7518.0,0.0,0.0,635.69992,75419.4,89423.55635276136
HAMILTON,7991,1294,429,0,5247,82,7824,796,449,1245,6579,7764.0,7764.0,0.0,0.0,1714.5683142857142,106141.42857142857,128648.96137196808
HAMPDEN,5193,1378,259,0,3827,248,5089,206,392,598,4491,5139.0,5139.0,0.0,0.0,357.6955,78133.5,104080.36937571107
HANCOCK,639,150,17,0,523,14,639,19,44,63,576,717.0,717.0,0.0,0.0,17.91629,71875.0,81009.2
HANOVER,14328,2744,825,54,9432,338,14179,552,1160,1712,12467,13879.0,13879.0,0.0,0.0,933.1831333333333,112872.85714285714,133937.48882754496
HANSON,10560,1885,700,21,7399,435,10532,362,691,1053,9479,10209.0,10209.0,0.0,0.0,848.4990874999999,99075.0,108669.20816992948
HARDWICK,3024,765,155,1,2130,142,2913,349,525,874,2039,2990.0,2990.0,0.0,0.0,233.72018,51364.5,66923.56302027474
HARVARD,6542,1216,291,11,4893,107,5471,286,285,571,4900,6520.0,6520.0,0.0,0.0,246.60371666666666,127100.0,159227.27768032046
HARWICH,12143,4561,463,0,9523,356,11909,796,1577,2373,9536,12243.0,12243.0,0.0,0.0,633.6968750000001,69358.0,86593.95046827523
HATFIELD,3305,1052,149,0,2695,71,3305,144,318,462,2843,3279.0,3279.0,0.0,0.0,304.7561,65251.333333333336,82340.07666685172
HAVERHILL,62943,9035,2844,137,43391,4648,61900,7784,9682,17466,44434,60879.0,60879.0,0.0,0.0,5664.614194999999,71798.56410256411,85567.05108108264
HAWLEY,976,267,42,0,742,70,973,115,153,268,705,337.0,897.0,560.0,166.1721068249258,22.51535,59167.0,71880.1507537688
HEATH,1255,330,42,0,873,86,1235,197,277,474,761,706.0,1182.0,476.0,67.42209631728045,31.0496,52708.0,74171.4579055441
HINGHAM,23047,5578,1106,13,15996,232,22769,1299,1278,2577,20192,22157.0,22157.0,0.0,0.0,1597.9662,140785.91666666666,208382.657234833
HINSDALE,1970,413,108,0,1485,78,1961,153,97,250,1711,2032.0,2032.0,0.0,0.0,339.89241,61979.0,76834.9304029304
HOLBROOK,11029,2140,691,12,8234,376,11005,734,830,1564,9441,10791.0,10791.0,0.0,0.0,1921.5339333333332,73617.0,88366.34945074013
HOLDEN,18558,3495,1088,14,12780,387,18407,861,1253,2114,16293,17346.0,17346.0,0.0,0.0,1397.0921615384614,101361.84615384616,119425.81618146645
HOLLAND,2510,457,134,0,1763,100,2506,103,320,423,2083,2481.0,2481.0,0.0,0.0,275.34355,78362.0,89840.3772933383
HOLLISTON,14480,2302,664,0,9871,333,14420,209,935,1144,13276,13547.0,13547.0,0.0,0.0,958.4290090909091,120640.54545454546,145596.90139288077
HOLYOKE,40362,6570,2171,215,26875,5644,39244,11228,8439,19667,19577,39880.0,39880.0,0.0,0.0,8533.356602702703,43044.77142857143,54372.23230075448
HOPEDALE,5955,1038,469,18,4166,274,5896,250,324,574,5322,5911.0,5911.0,0.0,0.0,1303.1204666666667,97991.66666666667,101931.1332725262
HOPKINTON,16720,2034,971,3,11142,339,16639,250,693,943,15696,14925.0,14925.0,0.0,0.0,860.7308428571429,154326.0,172252.30754504498
HUBBARDSTON,4581,648,238,0,3161,127,4581,109,544,653,3928,4382.0,4382.0,0.0,0.0,106.00876,86577.0,100209.36739893
HUDSON,19843,4264,936,83,14575,1416,19796,1174,1683,2857,16939,19063.0,19063.0,0.0,0.0,2518.1962083333333,89813.75,103992.45396647388
HULL,7702,2299,313,9,6458,294,7702,323,1019,1342,6360,10293.0,7584.0,-2709.0,26.318857475954534,6313.324333333333,74927.16666666667,93830.8557983202
HUNTINGTON,1977,375,88,5,1458,85,1977,159,277,436,1541,2180.0,2180.0,0.0,0.0,119.850975,67639.0,69768.11280276816
IPSWICH,11242,2731,632,0,8097,257,11163,784,1125,1909,9254,13175.0,10919.0,-2256.0,17.123339658444024,1966.1850285714283,78064.85714285714,108553.08617595512
KINGSTON,13210,2557,721,35,8941,443,12978,852,778,1630,11348,12629.0,12629.0,0.0,0.0,1140.638188888889,98433.55555555556,101512.57167575863
LAKEVILLE,12147,2059,668,14,8604,509,12051,474,897,1371,10680,10602.0,11442.0,840.0,7.92303338992643,409.92819999999995,98286.85714285714,113849.48593262098
LANCASTER,7978,1380,596,33,5674,720,6627,351,151,502,6125,8055.0,8055.0,0.0,0.0,598.10015,104127.75,119210.97012657573
LANESBOROUGH,3004,637,84,0,2154,70,3004,148,163,311,2693,3091.0,3091.0,0.0,0.0,296.32092,78287.66666666667,84107.5009977259
LAWRENCE,79497,9018,5087,314,48469,15673,78430,18983,22273,41256,37174,76377.0,76377.0,0.0,0.0,18201.187963636363,41461.58490566038,51743.21006609063
LEE,5796,1686,168,0,4215,458,5625,451,604,1055,4570,5943.0,5943.0,0.0,0.0,569.8706666666667,75584.5,81195.74143944781
LEICESTER,11277,2280,763,0,8179,829,10833,608,1220,1828,9005,10970.0,10970.0,0.0,0.0,621.0040875,76786.25,92572.66143805902
LENOX,4994,1974,241,0,3929,145,4695,180,488,668,4027,5025.0,5025.0,0.0,0.0,556.9015471428571,73080.25,110833.09772057025
LEOMINSTER,41446,8124,2140,101,28747,3926,41035,5511,6703,12214,28821,40759.0,40759.0,0.0,0.0,3574.3109846153843,61588.28,76865.29848417762
LEVERETT,1997,627,73,4,1505,42,1997,120,151,271,1726,1851.0,1851.0,0.0,0.0,87.55906,87174.0,116107.701711491
LEXINGTON,33339,6789,1815,11,22901,474,32961,1198,1509,2707,30254,31394.0,31394.0,0.0,0.0,2492.6589863636364,161038.77272727274,210971.44125244682
LEYDEN,1793,443,74,0,1365,71,1780,204,201,405,1375,711.0,1822.0,1111.0,156.25879043600563,62.06363,65588.0,81706.330749354
LINCOLN,6696,1290,276,0,4477,63,6677,183,500,683,5994,6362.0,6362.0,0.0,0.0,775.7740000000001,148426.0,213715.05702346665
LITTLETON,9754,1712,535,0,6970,179,9625,370,678,1048,8577,8924.0,8924.0,0.0,0.0,902.4353000000001,122943.16666666667,138535.13646295425
LONGMEADOW,15876,3607,1055,34,10941,396,15147,549,798,1347,13800,15784.0,15784.0,0.0,0.0,2014.1767750000001,119052.125,161068.55826624163
LOWELL,110964,13040,7151,277,70869,14284,105940,23776,20264,44040,61900,106519.0,106519.0,0.0,0.0,12778.431537499999,53483.81081081081,65187.727190457575
LUDLOW,21331,4079,1013,22,15850,2589,20585,1195,2287,3482,17103,21103.0,21103.0,0.0,0.0,2288.1957272727273,65449.818181818184,81658.65858677113
LUNENBURG,11150,2082,596,2,7838,504,10957,912,712,1624,9333,10086.0,10086.0,0.0,0.0,519.7881333333333,99216.66666666667,113492.99393410578
LYNN,91817,12037,4623,245,59799,12493,91211,16773,16857,33630,57581,90329.0,89150.0,-1179.0,1.3052286641056565,16677.71043943662,58308.16176470588,71631.29519947423
LYNNFIELD,12732,3002,686,0,8770,315,12699,228,474,702,11997,11596.0,11596.0,0.0,0.0,1810.7782222222222,121269.11111111111,151298.3445936766
MALDEN,61212,8687,1863,76,43969,5927,61072,9695,9939,19634,41438,59450.0,59450.0,0.0,0.0,15701.413076923072,66458.85416666667,78240.49060063821
MANCHESTER,5327,1459,179,0,3974,105,5326,197,327,524,4802,5136.0,5136.0,0.0,0.0,886.24058,113122.2,164876.5349338172
MANSFIELD,23678,2603,1314,31,16030,409,23606,639,1478,2117,21489,23184.0,23184.0,0.0,0.0,1966.651014285714,116948.35714285714,133365.61446226618
MARBLEHEAD,20393,5386,1062,0,14727,347,20276,930,1149,2079,18197,19808.0,19808.0,0.0,0.0,5818.620150000001,118758.9,165125.03276142658
MARION,5065,1602,213,41,3680,192,4929,274,617,891,4038,4907.0,4907.0,0.0,0.0,572.40782,75592.0,131487.2134905387
MARLBOROUGH,39771,6257,1728,18,28492,2397,39304,2553,5291,7844,31460,38499.0,38499.0,0.0,0.0,3963.6891952380947,78251.6,96155.64135300074
MARSHFIELD,26606,5148,1797,147,18232,797,26593,1653,2168,3821,22772,25132.0,26097.0,965.0,3.83972624542416,1113.893872222222,101455.82352941176,126077.5184322551
MASHPEE,14054,4923,691,0,10910,411,13916,849,1647,2496,11420,14006.0,14004.0,-2.0,0.01427959445951735,735.8350625,77576.75,95487.17513039685
MATTAPOISETT,6245,1518,362,0,4489,115,6245,288,446,734,5511,6045.0,6045.0,0.0,0.0,580.0351833333333,87293.16666666667,127198.57445116533
MAYNARD,10560,1946,349,25,7813,302,10481,848,651,1499,8982,10106.0,10106.0,0.0,0.0,2903.5645285714286,94304.5,112975.78180588188
MEDFIELD,12610,1841,767,11,7949,84,12571,274,872,1146,11425,12024.0,12024.0,0.0,0.0,1021.7084142857142,169301.7142857143,216104.518189149
MEDFORD,57700,9640,2737,0,41510,3215,55364,5725,6254,11979,43385,56173.0,56173.0,0.0,0.0,11598.979779245283,90832.72549019608,107221.1768391583
MEDWAY,13162,1831,811,14,8684,395,13053,689,564,1253,11800,12752.0,12752.0,0.0,0.0,1328.766425,114977.25,134802.8961876275
MELROSE,28132,5262,979,10,20394,1143,27884,1087,2248,3335,24549,26983.0,26983.0,0.0,0.0,7800.636296296297,105212.25925925926,128222.23911978712
MENDON,5995,982,388,2,4014,113,5977,32,206,238,5739,5839.0,5839.0,0.0,0.0,376.3371,119551.0,140772.41228762866
MERRIMAC,6752,1605,430,0,4812,231,6728,361,719,1080,5648,6338.0,6338.0,0.0,0.0,1505.3074,95907.5,105801.36702747225
METHUEN,49575,8315,3011,93,33715,3990,49185,4636,7143,11779,37406,47255.0,47255.0,0.0,0.0,4753.633131428573,79581.14705882352,90551.0930649226
MIDDLEBOROUGH,24213,5181,1385,27,17760,853,23753,1867,2373,4240,19513,23116.0,23116.0,0.0,0.0,1412.1524714285715,80831.85714285714,92297.737465395
MIDDLEFIELD,1717,374,60,0,1323,56,1711,120,197,317,1394,521.0,1677.0,1156.0,221.8809980806142,30.62665,75156.0,91585.8227848101
MIDDLETON,9656,1998,305,10,6754,510,8377,305,320,625,7752,8987.0,8987.0,0.0,0.0,783.1445000000001,116976.25,151994.57026466698
MILFORD,28630,4457,1197,63,19858,1614,28426,2244,3373,5617,22809,27999.0,27999.0,0.0,0.0,4532.250400000002,78176.63157894737,87465.08411304899
MILLBURY,13521,2982,565,1,9499,785,13330,797,1356,2153,11177,13261.0,13261.0,0.0,0.0,1528.53631,81051.66666666667,93107.16533376314
MILLIS,8144,1500,349,0,5828,147,8106,357,519,876,7230,7891.0,7891.0,0.0,0.0,940.0251599999999,103077.4,123735.74321475202
MILLVILLE,3237,348,131,0,2217,223,3237,142,299,441,2796,3190.0,3190.0,0.0,0.0,795.7701999999999,88113.0,107415.88750250306
MILTON,27527,4936,1788,1,17452,761,25864,1066,1382,2448,23416,27003.0,27003.0,0.0,0.0,4696.996764,133542.54545454544,158838.58808442406
MONSON,8803,1884,437,0,6382,538,8658,482,656,1138,7520,8560.0,8560.0,0.0,0.0,470.70445714285717,68176.57142857143,78692.45941594263
MONTAGUE,7378,1723,330,0,5667,626,7245,1147,1118,2265,4980,8437.0,7544.0,-893.0,10.584330923313972,1731.7333142857144,51799.71428571428,66277.64005575565
MONTEREY,729,338,34,0,600,27,723,72,42,114,609,961.0,961.0,0.0,0.0,27.58365,58661.0,95123.0136986301
MONTGOMERY,802,148,31,3,618,21,802,30,70,100,702,838.0,838.0,0.0,0.0,53.02795,74000.0,91171.7391304348
MOUNT WASHINGTON,1395,468,35,0,1162,59,1395,77,168,245,1150,167.0,1392.0,1225.0,733.5329341317364,34.10865,62396.0,97734.5697329377
NAHANT,2914,635,62,0,2399,72,2863,155,314,469,2394,3410.0,2781.0,-629.0,18.445747800586513,3549.880333333333,87364.66666666667,135832.81210847432
NANTUCKET,10249,1596,425,13,7366,459,10123,1197,884,2081,8042,10172.0,9650.0,-522.0,5.131734172237515,993.5950780000001,86421.7,130623.22824815587
NATICK,35957,6353,1378,21,25391,794,35597,1271,2394,3665,31932,33006.0,33006.0,0.0,0.0,3624.077926923077,109483.30769230769,136271.43156163595
NEEDHAM,30429,6009,1756,11,20270,458,29523,872,831,1703,27820,28886.0,28886.0,0.0,0.0,3915.942443478261,147317.69565217392,208813.28485573086
NEW ASHFORD,334,81,12,0,241,17,330,26,14,40,290,228.0,228.0,0.0,0.0,24.80493,84583.0,92367.21311475411
NEW BEDFORD,94459,15759,4605,393,64569,16758,92726,21135,20077,41212,51514,95072.0,94364.0,-708.0,0.7446987546280699,12118.358910465116,43135.10843373494,54697.652239031595
NEW BRAINTREE,1247,179,62,0,893,74,1236,102,105,207,1029,999.0,999.0,0.0,0.0,59.98398,84432.0,104876.941176471
NEW MARLBOROUGH,1370,448,39,2,1149,79,1344,61,130,191,1153,1509.0,1509.0,0.0,0.0,29.770110000000003,74392.5,101677.18502244726
NEW SALEM,1019,268,41,0,778,42,1019,62,125,187,832,990.0,990.0,0.0,0.0,22.76141,71908.0,86781.5242494226
NEWBURY,6964,1535,363,0,5123,184,6900,293,429,722,6178,6666.0,6666.0,0.0,0.0,357.44775999999996,96529.2,117563.4642204083
NEWBURYPORT,17890,3784,642,9,13547,425,17605,1226,1706,2932,14673,17416.0,17416.0,0.0,0.0,4196.824142857143,94381.35714285714,124334.13572331595
NEWTON,88479,15985,7625,80,57688,1611,80955,3462,5820,9282,71673,85146.0,85146.0,0.0,0.0,5905.825406250001,149031.34426229508,197806.46989359113
NORFOLK,11671,1542,716,11,8302,766,9417,268,333,601,8816,11227.0,11227.0,0.0,0.0,771.60456,132350.0,151712.313602285
NORTH ADAMS,13211,2823,1041,18,8981,1457,12131,2164,2705,4869,7262,13708.0,13708.0,0.0,0.0,2909.0482166666666,38909.75,50750.53756952176
NORTH ANDOVER,30170,4474,2087,44,20145,584,28986,1479,1758,3237,25749,28352.0,28352.0,0.0,0.0,2815.5870473684213,114866.8947368421,136334.85256374686
NORTH ATTLEBOROUGH,29033,4282,1589,16,19847,1211,28868,2113,2620,4733,24135,28712.0,28712.0,0.0,0.0,3446.5503888888893,89261.375,102035.1712499474
NORTH BROOKFIELD,5927,1019,250,12,4187,346,5894,374,852,1226,4668,4680.0,6003.0,1323.0,28.26923076923077,923.1261833333334,69356.83333333333,79899.06048946774
NORTH READING,15598,2862,945,22,11114,275,15493,526,683,1209,14284,14892.0,14892.0,0.0,0.0,1378.520011111111,133057.44444444444,152656.15758299813
NORTHAMPTON,28548,4975,2181,19,19107,1004,25097,3756,3244,7000,18097,28549.0,28549.0,0.0,0.0,3557.399347368422,67279.29411764706,89308.5848336992
NORTHBOROUGH,14918,2753,584,0,10387,437,14739,546,701,1247,13492,14155.0,14155.0,0.0,0.0,1347.3169444444445,112497.75,146846.97689734946
NORTHBRIDGE,16020,2504,722,22,10969,825,15716,1338,1520,2858,12858,15707.0,15009.0,-698.0,4.443878525498184,1447.3656857142855,71875.14285714286,91230.46871652857
NORTHFIELD,3012,422,163,0,2230,113,2984,118,489,607,2377,3032.0,3032.0,0.0,0.0,94.412775,70086.0,82385.6850515674
NORTON,19515,2838,1684,0,12562,595,17615,991,1197,2188,15427,19031.0,19031.0,0.0,0.0,921.3082111111112,102776.44444444444,111742.50357047656
NORWELL,9939,1977,455,0,6779,201,9740,310,469,779,8961,10506.0,9541.0,-965.0,9.185227489053872,646.6564833333333,125842.33333333333,168226.5355112395
NORWOOD,29121,5698,1596,56,21099,1116,28628,2367,2233,4600,24028,28602.0,28602.0,0.0,0.0,4291.132952380953,89928.57142857143,107364.08239125418
OAK BLUFFS,4675,1370,188,6,3291,109,4619,565,327,892,3727,4527.0,4527.0,0.0,0.0,1479.79924,70033.0,83237.64563420508
OAKHAM,1849,265,113,0,1338,79,1846,70,177,247,1599,1902.0,1902.0,0.0,0.0,88.76633000000001,85938.0,94425.47864506631
ORANGE,7703,1446,293,0,5572,691,7682,788,2342,3130,4552,7839.0,7839.0,0.0,0.0,643.9713157142858,46834.857142857145,56074.42170932257
ORLEANS,5029,2175,177,0,4141,81,4972,388,557,945,4027,5890.0,5072.0,-818.0,13.887945670628186,581.0110833333333,59369.666666666664,80218.40274875671
OTIS,1577,602,40,12,1349,92,1577,145,194,339,1238,1612.0,1612.0,0.0,0.0,44.382315,67285.5,83345.32090090885
OXFORD,13898,2183,976,0,9414,665,13810,1507,1262,2769,11041,13709.0,13709.0,0.0,0.0,932.8795875,70002.125,79482.97169557039
PALMER,12237,2429,507,57,9099,695,12100,1704,2052,3756,8344,12140.0,12140.0,0.0,0.0,758.5355333333332,61069.77777777778,70633.35969735074
PAXTON,4845,839,491,0,3239,101,4370,203,307,510,3860,4806.0,4806.0,0.0,0.0,446.18609999999995,106773.33333333333,117653.57305196008
PEABODY,52610,11739,2480,78,38547,3928,52101,5119,6833,11952,40149,51251.0,51251.0,0.0,0.0,5891.933687500002,73472.4,85563.4918296147
PELHAM,1277,343,53,0,966,22,1274,51,42,93,1181,1321.0,1321.0,0.0,0.0,50.8535,92250.0,116789.122137405
PEMBROKE,18230,3029,1115,104,12446,560,18190,768,1434,2202,15988,17837.0,17837.0,0.0,0.0,939.5870454545455,103864.90909090909,112210.48910989102
PEPPERELL,12049,1842,565,0,8325,475,12021,674,805,1479,10542,11497.0,11497.0,0.0,0.0,752.2287125,86537.25,107137.28194911407
PERU,811,115,21,0,638,53,811,55,88,143,668,847.0,847.0,0.0,0.0,31.28524,68636.0,77355.71428571429
PETERSHAM,1218,280,60,4,906,23,1188,64,220,284,904,1234.0,1234.0,0.0,0.0,22.45625,65529.0,84122.10953346861
PHILLIPSTON,1640,239,80,0,1230,116,1635,96,242,338,1297,1682.0,1682.0,0.0,0.0,67.63169,75893.0,80461.4065180103
PITTSFIELD,43289,9380,1654,75,31700,3194,42420,6387,8622,15009,27411,44737.0,44737.0,0.0,0.0,3769.5106333333338,52786.13043478261,64225.23729398622
PLAINFIELD,668,173,45,3,494,22,668,51,119,170,498,648.0,648.0,0.0,0.0,31.659909999999996,56875.0,71790.1060070671
PLAINVILLE,9000,1666,383,12,6440,211,9000,557,515,1072,7928,8264.0,8264.0,0.0,0.0,1681.0374800000002,87133.4,101604.90181811003
PLYMOUTH,56192,13033,2598,62,40899,1912,54211,3516,4888,8404,45807,56468.0,54143.0,-2325.0,4.1173762130764295,1616.365551388889,83056.0,102380.56401529034
PLYMPTON,2912,561,100,0,2167,111,2912,127,244,371,2541,2820.0,2820.0,0.0,0.0,222.81155,89819.0,112292.8477137625
PRINCETON,3438,786,159,0,2550,27,3438,224,92,316,3122,3413.0,3413.0,0.0,0.0,101.40051,127875.0,159702.49841444648
PROVINCETOWN,2952,1058,22,0,2638,133,2943,314,653,967,1976,2942.0,2942.0,0.0,0.0,1939.87346,45314.0,67520.14515974741
QUINCY,91519,15971,3906,150,69176,7721,90591,9141,12575,21716,68875,92271.0,89703.0,-2568.0,2.7831062847481864,9746.800224285716,77644.46376811594,92159.41608152095
RANDOLPH,33704,6021,1497,3,23957,3473,33293,3773,4132,7905,25388,32112.0,32112.0,0.0,0.0,4078.214731578948,74754.61111111111,92707.98602285801
RAYNHAM,13845,2693,822,21,9684,565,13677,869,927,1796,11881,13383.0,13383.0,0.0,0.0,758.6064142857142,96406.42857142857,103891.71082929253
READING,25769,4384,1286,41,18181,530,25576,754,1655,2409,23167,24747.0,24747.0,0.0,0.0,3687.3967375,116302.5,136873.2382585106
REHOBOTH,11990,1742,721,0,8213,502,11860,271,1057,1328,10532,11608.0,11608.0,0.0,0.0,264.60267999999996,103951.0,121107.18972589145
REVERE,53864,9223,2076,75,39486,7160,53602,6943,11685,18628,34974,51755.0,51755.0,0.0,0.0,13629.754433571428,58958.34210526316,70162.64873277303
RICHMOND,1521,540,51,6,1258,71,1521,78,103,181,1340,1475.0,1475.0,0.0,0.0,80.40261000000001,95704.0,142779.496501749
ROCHESTER,5462,951,319,10,3743,270,5462,259,366,625,4837,5232.0,5232.0,0.0,0.0,162.97936666666666,111470.66666666667,135692.81698575898
ROCKLAND,17849,3292,704,32,12951,558,17662,1115,1848,2963,14699,17489.0,17489.0,0.0,0.0,2630.4966,77843.72727272728,90569.30031826228
ROCKPORT,7184,2456,311,0,5616,136,7114,442,891,1333,5781,6952.0,6952.0,0.0,0.0,2390.3287833333334,76780.2,103469.94647882496
ROWE,1045,310,46,1,789,72,1040,117,247,364,676,393.0,1220.0,827.0,210.43256997455467,21.96499,45938.0,61398.507462686604
ROWLEY,6232,1102,401,1,4358,102,6157,337,300,637,5520,5856.0,5856.0,0.0,0.0,343.25295,99807.5,127892.216231238
ROYALSTON,1307,327,47,5,1015,94,1279,134,186,320,959,1258.0,1258.0,0.0,0.0,31.2727,74219.0,82443.1599229287
RUSSELL,1330,294,66,0,943,45,1330,94,131,225,1105,1775.0,1775.0,0.0,0.0,76.7778,66985.0,76732.76836158191
RUTLAND,8463,1074,699,0,5592,112,8443,190,806,996,7447,7973.0,7973.0,0.0,0.0,371.3304,92153.0,103595.02541660571
SALEM,41115,6598,2173,55,28538,2546,39260,6135,5223,11358,27902,41340.0,39772.0,-1568.0,3.7929366231253008,11452.485193548386,66579.86666666667,81220.7050063678
SALISBURY,9021,1941,364,8,6664,465,8983,871,1356,2227,6756,8283.0,8283.0,0.0,0.0,779.9321428571429,72594.57142857143,82012.60432121217
SANDISFIELD,859,235,52,0,619,53,799,33,92,125,674,915.0,915.0,0.0,0.0,16.58105,68636.0,93702.14723926381
SANDWICH,20398,4855,1076,42,14829,425,20138,1145,1764,2909,17229,20675.0,20655.0,-20.0,0.09673518742442563,774.4155499999999,88429.35714285714,108130.06554209745
SAUGUS,28037,6450,1422,0,20826,1961,27798,2261,2526,4787,23011,26628.0,26628.0,0.0,0.0,4051.3080199999995,83193.25,97166.11484797337
SAVOY,764,173,45,0,556,89,752,63,172,235,517,692.0,692.0,0.0,0.0,21.31395,55375.0,68215.8878504673
SCITUATE,18491,4110,1071,0,13109,409,18323,777,875,1652,16671,18133.0,18133.0,0.0,0.0,1382.5556692307691,110401.23076923077,144489.9338725979
SEEKONK,14957,3309,548,0,11288,840,14936,822,1082,1904,13032,13722.0,13722.0,0.0,0.0,1187.262363636364,83507.18181818182,104439.3737176638
SHARON,18245,3176,1046,0,12183,268,18167,361,790,1151,17016,17612.0,17612.0,0.0,0.0,1227.5818818181817,132555.63636363635,172544.30534346262
SHEFFIELD,3190,897,227,0,2550,219,3190,278,506,784,2406,3257.0,3257.0,0.0,0.0,105.4100975,66398.25,92018.4507265941
SHELBURNE,1935,567,73,0,1535,133,1905,162,246,408,1497,1893.0,1893.0,0.0,0.0,624.611015,59590.5,100208.54709666764
SHERBORN,4302,756,380,0,2832,35,4302,179,160,339,3963,4119.0,4119.0,0.0,0.0,268.69486666666666,174861.0,223038.85641166402
SHIRLEY,7572,1146,220,0,5724,722,6093,625,910,1535,4558,7211.0,7211.0,0.0,0.0,610.8168333333333,72700.66666666667,92460.11341036965
SHREWSBURY,36716,6235,2201,36,24663,1462,36586,1675,2413,4088,32498,35608.0,35608.0,0.0,0.0,2511.17103,110810.52631578948,127975.96623358589
SHUTESBURY,1752,316,104,4,1275,21,1742,197,244,441,1301,1771.0,1771.0,0.0,0.0,66.06882,76927.0,91552.4899057874
SOMERSET,18257,4622,811,17,13814,1785,17982,1211,1504,2715,15267,18165.0,18165.0,0.0,0.0,2723.229727272727,67089.27272727272,81864.54498429019
SOMERVILLE,79983,8558,3055,42,59704,5725,77349,9623,9619,19242,58107,75754.0,75754.0,0.0,0.0,23609.809565217394,90211.8125,106057.79684780173
SOUTH HADLEY,17737,3448,1608,0,11794,763,15267,1584,1685,3269,11998,17514.0,17514.0,0.0,0.0,2003.1148923076923,71282.53846153847,84786.67483027573
SOUTHAMPTON,6090,1618,269,0,4526,254,6076,278,707,985,5091,5792.0,5792.0,0.0,0.0,220.88400000000001,93459.75,117558.75434718421
SOUTHBOROUGH,10021,1640,561,0,6484,203,9893,453,449,902,8991,9767.0,9767.0,0.0,0.0,854.9235714285713,140423.42857142858,185661.37657807223
SOUTHBRIDGE,16858,2692,834,36,11682,2087,16651,3085,3563,6648,10003,16719.0,16719.0,0.0,0.0,3670.8499812500004,55629.5625,64384.434201541066
SOUTHWICK,9711,2372,316,2,7159,748,9617,697,982,1679,7938,9502.0,9502.0,0.0,0.0,622.4014199999999,80521.0,95506.84714533175
SPENCER,11856,2539,331,0,8800,999,11781,1433,1604,3037,8744,11688.0,11688.0,0.0,0.0,1600.6547199999998,73941.33333333333,76407.07203096134
SPRINGFIELD,154613,21181,10652,923,94677,21581,149391,42874,36552,79426,69965,153060.0,153060.0,0.0,0.0,8262.940928925618,40491.55263157895,52701.11507621886
STERLING,8000,1326,510,0,5503,253,7986,477,799,1276,6710,7808.0,7808.0,0.0,0.0,259.7117,98674.5,123784.86936298775
STOCKBRIDGE,1980,842,51,0,1612,129,1917,181,393,574,1343,1947.0,1947.0,0.0,0.0,124.73785666666667,50483.666666666664,94928.58008498831
STONEHAM,21967,4553,751,0,16527,947,21836,942,1393,2335,19501,21437.0,21437.0,0.0,0.0,4779.941194117646,93259.94117647059,108297.08736824476
STOUGHTON,28338,5628,1647,72,20513,1905,28006,2325,2676,5001,23005,26962.0,26962.0,0.0,0.0,3144.502931578947,83581.33333333333,91855.35916199959
STOW,7061,1302,377,0,4802,17,7034,310,338,648,6386,6590.0,6590.0,0.0,0.0,381.86246,144591.0,150503.4650182095
STURBRIDGE,9496,1952,474,0,6633,324,9488,382,868,1250,8238,9268.0,9268.0,0.0,0.0,462.71585000000005,85708.4,112979.72694352425
SUDBURY,18697,3365,1264,24,12197,108,18500,576,732,1308,17192,17659.0,17659.0,0.0,0.0,954.3500090909091,171719.27272727274,232882.38095606977
SUNDERLAND,3662,575,77,10,2361,159,3626,593,802,1395,2231,3684.0,3684.0,0.0,0.0,461.94703333333337,57037.333333333336,85704.59210452967
SUTTON,9702,1551,535,0,6810,216,9702,208,789,997,8705,8963.0,9661.0,698.0,7.78757112573915,416.99645000000004,105500.2,122950.38212126512
SWAMPSCOTT,14563,2910,765,0,10121,458,14409,883,785,1668,12741,13787.0,13787.0,0.0,0.0,7027.4031428571425,117348.28571428571,147833.27788553905
SWANSEA,16341,3429,725,91,12182,1611,16063,881,1748,2629,13434,15865.0,15865.0,0.0,0.0,1387.2887111111113,78941.125,84757.25189444589
TAUNTON,56826,10315,2287,132,40151,6449,56254,7747,9320,17067,39187,55874.0,55874.0,0.0,0.0,3323.8432806451606,60576.86666666667,75337.85701060864
TEMPLETON,8117,1711,391,20,6147,612,7982,355,871,1226,6756,8013.0,8013.0,0.0,0.0,285.70241999999996,65588.25,84044.06777489332
TEWKSBURY,30666,6392,1622,48,22066,1358,30095,1621,2054,3675,26420,28961.0,28961.0,0.0,0.0,1972.8239888888884,95603.22222222222,106113.97131661391
TISBURY,4100,654,190,1,3081,167,4086,281,924,1205,2881,3949.0,3949.0,0.0,0.0,1012.39366,48170.75,95017.49331420758
TOLLAND,666,158,29,0,518,37,666,48,52,100,566,485.0,485.0,0.0,0.0,21.10501,90417.0,97181.2274368231
TOPSFIELD,6496,1793,437,0,4549,121,6375,89,304,393,5982,6085.0,6089.0,4.0,0.0657354149548069,624.486025,135291.75,148100.051542563
TOWNSEND,9418,1327,381,10,6407,326,9310,377,820,1197,8113,8926.0,8926.0,0.0,0.0,418.0273666666667,86956.16666666667,110430.87008418828
TRURO,1580,629,11,0,1337,111,1580,177,198,375,1205,2003.0,2003.0,0.0,0.0,86.12728333333332,59394.666666666664,65502.3850872051
TYNGSBOROUGH,12232,1279,638,23,8727,381,12176,860,875,1735,10441,11292.0,11292.0,0.0,0.0,1007.1904000000001,114153.71428571429,124715.65710733098
TYRINGHAM,439,190,13,0,373,8,431,54,51,105,326,327.0,327.0,0.0,0.0,23.53882,86250.0,139664.204545455
UPTON,7770,1201,412,19,5343,165,7715,373,332,705,7010,7542.0,7542.0,0.0,0.0,798.3083,115081.5,132323.81748785626
UXBRIDGE,13815,1879,870,0,9319,475,13712,1136,1089,2225,11487,13457.0,13457.0,0.0,0.0,770.8687999999999,94147.0,104730.21915873881
WAKEFIELD,26823,5321,996,34,19979,1328,26486,1167,1964,3131,23355,24932.0,24932.0,0.0,0.0,4820.686738095239,95564.42857142857,112571.17086271747
WALES,2009,402,74,0,1414,104,1989,113,587,700,1289,1838.0,1838.0,0.0,0.0,127.7294,50625.0,65224.6625766871
WALPOLE,24960,4663,1466,1,17320,992,24593,696,1591,2287,22306,24070.0,24070.0,0.0,0.0,1720.4081933333332,106298.13333333333,131996.74830142639
WALTHAM,62832,9666,4729,186,43037,3876,55701,5456,6253,11709,43992,60632.0,60632.0,0.0,0.0,8829.556041666667,90079.27906976744,100856.60435797575
WARE,9863,2053,457,0,6939,578,9797,1401,1133,2534,7263,9872.0,9872.0,0.0,0.0,1131.1948142857143,50455.142857142855,61328.53606595168
WAREHAM,22535,5681,657,1,16537,1423,22233,2599,2880,5479,16754,21822.0,21822.0,0.0,0.0,1266.8392764705884,67297.0,75643.76610859802
WARREN,5199,554,173,0,3664,238,5199,587,1068,1655,3544,5135.0,5135.0,0.0,0.0,279.391975,68332.0,70051.85813583784
WARWICK,1093,258,59,0,815,74,1091,67,187,254,837,780.0,971.0,191.0,24.487179487179485,26.93103,66375.0,70621.568627451
WASHINGTON,499,158,11,0,404,16,497,14,36,50,447,538.0,538.0,0.0,0.0,13.13744,86389.0,91221.12068965519
WATERTOWN,34553,5960,1117,49,26921,1496,34346,2888,2030,4918,29428,31915.0,31915.0,0.0,0.0,10602.419841379311,94090.07142857143,112144.78230119408
WAYLAND,13700,3020,722,17,9411,123,13644,414,387,801,12843,12994.0,12994.0,0.0,0.0,1534.74443,168801.1,202156.83521378672
WEBSTER,16926,3342,756,88,11873,1774,16514,1987,3103,5090,11424,16767.0,16767.0,0.0,0.0,3691.1491818181826,60968.454545454544,73141.37787753444
WELLESLEY,29004,5264,3344,11,16139,332,24521,1075,857,1932,22589,27982.0,27982.0,0.0,0.0,3410.7106086956514,183940.21739130435,274138.80549638567
WELLFLEET,3171,1384,124,0,2498,129,3153,356,739,1095,2058,2750.0,2750.0,0.0,0.0,164.51770666666667,56675.666666666664,73792.35597017063
WENDELL,864,204,17,0,691,51,860,151,148,299,561,848.0,848.0,0.0,0.0,27.13465,42750.0,65966.4974619289
WENHAM,5179,939,964,0,2574,25,3632,60,313,373,3259,4875.0,4875.0,0.0,0.0,768.2543333333333,99841.0,174014.80962349536
WEST BOYLSTON,7892,1340,193,26,6113,770,5210,430,298,728,4482,7669.0,7669.0,0.0,0.0,882.3252000000001,80042.66666666667,101627.49339546538
WEST BRIDGEWATER,7117,1411,381,10,5001,322,6926,250,852,1102,5824,6916.0,6916.0,0.0,0.0,571.1374666666667,90476.5,100318.48036847271
WEST BROOKFIELD,3777,842,68,0,2788,200,3608,234,504,738,2870,3701.0,3701.0,0.0,0.0,498.05193,67787.66666666667,88756.44975607232
WEST NEWBURY,4545,714,289,0,3137,76,4543,258,48,306,4237,4235.0,4235.0,0.0,0.0,339.4316333333333,139565.66666666666,167077.64572386467
WEST SPRINGFIELD,29650,4989,1430,103,20278,2146,29473,3514,5852,9366,20107,28391.0,29208.0,817.0,2.877672501849177,3532.899385714286,57651.25,68475.05184670852
WEST STOCKBRIDGE,1095,411,45,0,880,35,1092,76,146,222,870,1306.0,1306.0,0.0,0.0,110.26809499999999,74416.5,97838.0793661872
WEST TISBURY,2417,746,156,0,2049,24,2384,89,330,419,1965,2740.0,2740.0,0.0,0.0,94.881675,92237.0,116438.37121782344
WESTBOROUGH,18836,2660,1016,5,12914,460,18493,942,1284,2226,16267,18272.0,18272.0,0.0,0.0,1575.9938416666666,109271.41666666667,126078.81709128147
WESTFIELD,41667,7330,3549,63,26405,2087,38114,3225,6471,9696,28418,41094.0,41094.0,0.0,0.0,3018.9805846153836,63738.608695652176,78579.18703103936
WESTFORD,24087,3622,1504,24,15816,400,24024,552,1188,1740,22284,21951.0,21951.0,0.0,0.0,1232.5619749999998,138210.08333333334,151247.790378704
WESTHAMPTON,1819,336,77,0,1309,29,1814,68,124,192,1622,1607.0,1607.0,0.0,0.0,66.94523000000001,86591.0,100600.45045045
WESTMINSTER,7566,1419,245,0,5412,336,7532,117,464,581,6951,7277.0,7277.0,0.0,0.0,215.28374,103587.8,119921.01973716042
WESTON,12027,2632,892,14,7510,95,11277,575,332,907,10370,11261.0,11261.0,0.0,0.0,802.7266181818181,198719.54545454544,304709.36446787283
WESTPORT,15810,4037,730,0,11633,1489,15688,708,1946,2654,13034,15532.0,15532.0,0.0,0.0,407.34850000000006,81306.11111111111,95977.38581963812
WESTWOOD,15597,3477,824,7,10615,264,15572,289,529,818,14754,14618.0,14618.0,0.0,0.0,2074.86989,150912.6,188578.0578798633
WEYMOUTH,54469,10688,2338,1,39652,2713,54011,3582,7073,10655,43356,53743.0,52292.0,-1451.0,2.699886496846104,4488.098561363636,82337.19047619047,98209.7873073019
WHATELY,1339,283,66,0,1037,65,1337,101,107,208,1129,1496.0,1496.0,0.0,0.0,66.50664,73750.0,95713.8103161398
WHITMAN,14864,2261,933,34,10042,648,14857,1019,1102,2121,12736,14489.0,14489.0,0.0,0.0,2979.005923076923,82088.76923076923,96469.77371154306
WILBRAHAM,14553,3158,785,0,10407,587,14208,573,882,1455,12753,14219.0,14219.0,0.0,0.0,887.7469777777779,108948.0,123682.91941937139
WILLIAMSBURG,2481,578,64,0,1892,61,2481,268,193,461,2020,2482.0,2482.0,0.0,0.0,119.90702999999999,74244.5,95587.60107999564
WILLIAMSTOWN,7623,1673,1437,0,3933,303,5010,576,447,1023,3987,7754.0,7754.0,0.0,0.0,1020.9931285714284,76119.0,102476.42158720829
WILMINGTON,23538,3911,1357,4,16457,764,23227,684,1925,2609,20618,22325.0,22325.0,0.0,0.0,1631.6052545454543,111282.90909090909,133224.50331482763
WINCHENDON,10738,2013,447,14,7468,859,10413,1166,864,2030,8383,10300.0,10300.0,0.0,0.0,1202.5846,63314.666666666664,73285.45265266448
WINCHESTER,22579,4489,958,0,15177,331,22324,511,892,1403,20921,21374.0,21374.0,0.0,0.0,4395.895466666667,166581.06666666668,217934.10722402242
WINDSOR,909,184,44,0,696,10,909,50,58,108,801,899.0,899.0,0.0,0.0,25.9768,81875.0,110717.195767196
WINTHROP,18462,4114,707,19,13933,780,18425,1514,2063,3577,14848,17497.0,17497.0,0.0,0.0,11491.628777777778,75567.0,95947.05170488497
WOBURN,39500,7595,1985,63,28840,1637,39228,2347,4248,6595,32633,38120.0,38120.0,0.0,0.0,4170.169971428571,84871.42857142857,98642.69194244772
WORCESTER,184743,26267,13595,350,120286,18373,172535,37560,33980,71540,100995,181045.0,181045.0,0.0,0.0,9597.11031275168,52213.955555555556,65734.4034881688
WRENTHAM,11597,1814,774,26,7782,253,11348,574,662,1236,10112,10955.0,10955.0,0.0,0.0,611.38288,109280.0,133462.931270446
YARMOUTH,23459,7897,648,0,18523,934,23280,1598,3117,4715,18565,23793.0,23793.0,0.0,0.0,1200.93915,66455.38095238095,79616.74779806362
